user_575,Rock,0.22988505747126436
user_248,Folk,0.22857142857142856
user_45,Electronic,0.2222222222222222
user_560,R&B,0.2222222222222222
user_966,Metal,0.21505376344086022
user_654,Rock,0.21153846153846154
user_212,Pop,0.20952380952380953
user_270,Electronic,0.20952380952380953
user_347,R&B,0.20833333333333334
user_767,Rock,0.2079207920792079
user_90,Hip-Hop,0.20618556701030927
user_941,Folk,0.20588235294117646
user_915,Folk,0.20430107526881722
user_607,Jazz,0.20408163265306123
user_532,Electronic,0.20388349514563106
user_350,Rock,0.20238095238095238
user_319,Rock,0.20202020202020202
user_804,R&B,0.2
user_86,Electronic,0.2
user_432,Metal,0.19811320754716982
user_60,R&B,0.19801980198019803
user_938,Pop,0.19801980198019803
user_384,Folk,0.1978021978021978
user_519,Metal,0.19753086419753085
user_430,Electronic,0.1958762886597938
user_886,Electronic,0.1958762886597938
user_128,Electronic,0.19540229885057472
user_513,R&B,0.19480519480519481
user_754,Folk,0.1941747572815534
user_124,Pop,0.1935483870967742
user_427,Jazz,0.1935483870967742
user_845,Pop,0.1935483870967742
user_927,R&B,0.1935483870967742
user_518,R&B,0.19230769230769232
user_102,R&B,0.19148936170212766
user_433,R&B,0.19101123595505617
user_889,Pop,0.19101123595505617
user_334,Electronic,0.19
user_923,R&B,0.19
user_516,R&B,0.18947368421052632
user_722,Classical,0.18947368421052632
user_379,Rock,0.1891891891891892
user_671,R&B,0.1891891891891892
user_458,Hip-Hop,0.18888888888888888
user_129,Pop,0.18867924528301888
user_381,Country,0.18823529411764706
user_317,R&B,0.18811881188118812
user_718,Jazz,0.18811881188118812
user_907,R&B,0.18811881188118812
user_101,Classical,0.1875
user_388,R&B,0.1875
user_728,R&B,0.18556701030927836
user_835,R&B,0.18556701030927836
user_906,Folk,0.18518518518518517
user_365,Electronic,0.18478260869565216
user_378,Folk,0.18478260869565216
user_297,Electronic,0.18446601941747573
user_745,Country,0.18446601941747573
user_92,Jazz,0.18446601941747573
user_20,Folk,0.18421052631578946
user_264,R&B,0.18269230769230768
user_308,Folk,0.18269230769230768
user_26,Electronic,0.1826086956521739
user_597,Electronic,0.1826086956521739
user_269,Folk,0.18181818181818182
user_273,Rock,0.18181818181818182
user_623,Electronic,0.18181818181818182
user_551,Folk,0.18095238095238095
user_217,Jazz,0.18085106382978725
user_27,Hip-Hop,0.18085106382978725
user_366,Electronic,0.18085106382978725
user_473,Folk,0.18085106382978725
user_453,Classical,0.18072289156626506
user_117,Hip-Hop,0.18
user_132,R&B,0.18
user_362,Rock,0.18
user_392,Folk,0.1797752808988764
user_705,Electronic,0.1797752808988764
user_866,Country,0.1797752808988764
user_399,Folk,0.1792452830188679
user_697,Pop,0.1792452830188679
user_822,Pop,0.1792452830188679
user_485,Folk,0.17894736842105263
user_783,Rock,0.17894736842105263
user_9,R&B,0.17894736842105263
user_103,Electronic,0.17857142857142858
user_475,R&B,0.17857142857142858
user_960,Folk,0.17857142857142858
user_643,Country,0.1782178217821782
user_208,R&B,0.17777777777777778
user_68,Hip-Hop,0.17777777777777778
user_806,R&B,0.17777777777777778
user_364,Electronic,0.17757009345794392
user_372,Classical,0.17757009345794392
user_539,R&B,0.17757009345794392
user_849,R&B,0.17757009345794392
user_292,Country,0.17708333333333334
user_503,Classical,0.17708333333333334
user_649,Metal,0.17708333333333334
user_690,Folk,0.17708333333333334
user_690,Pop,0.17708333333333334
user_865,Rock,0.17708333333333334
user_964,Folk,0.17708333333333334
user_209,Pop,0.17647058823529413
user_211,Rock,0.17647058823529413
user_410,Pop,0.17647058823529413
user_786,Classical,0.17647058823529413
user_605,Pop,0.17582417582417584
user_717,Classical,0.17582417582417584
user_787,R&B,0.17543859649122806
user_330,Folk,0.17525773195876287
user_457,Pop,0.17525773195876287
user_589,Classical,0.17525773195876287
user_707,Metal,0.17525773195876287
user_809,Jazz,0.17525773195876287
user_12,Hip-Hop,0.175
user_573,Rock,0.175
user_126,Country,0.17475728155339806
user_549,Rock,0.17475728155339806
user_869,Rock,0.17475728155339806
user_38,Electronic,0.1744186046511628
user_356,Folk,0.1743119266055046
user_356,R&B,0.1743119266055046
user_355,Folk,0.17391304347826086
user_423,Folk,0.17391304347826086
user_531,Electronic,0.17391304347826086
user_829,Rock,0.17391304347826086
user_271,Rock,0.17346938775510204
user_271,Pop,0.17346938775510204
user_762,Metal,0.17307692307692307
user_858,Pop,0.17272727272727273
user_153,Classical,0.1724137931034483
user_771,Hip-Hop,0.1724137931034483
user_490,Metal,0.17204301075268819
user_543,Electronic,0.17204301075268819
user_686,Jazz,0.17204301075268819
user_704,Metal,0.17204301075268819
user_218,Classical,0.1717171717171717
user_238,R&B,0.1717171717171717
user_610,Electronic,0.1717171717171717
user_637,R&B,0.17142857142857143
user_656,Pop,0.17117117117117117
user_8,R&B,0.17094017094017094
user_799,Metal,0.17073170731707318
user_981,Classical,0.17045454545454544
user_156,Jazz,0.1702127659574468
user_237,Metal,0.1702127659574468
user_417,Electronic,0.1702127659574468
user_920,Folk,0.1702127659574468
user_293,R&B,0.17
user_536,R&B,0.17
user_763,Jazz,0.17
user_419,R&B,0.16981132075471697
user_421,Hip-Hop,0.16981132075471697
user_794,Pop,0.16981132075471697
user_854,Folk,0.16981132075471697
user_540,Electronic,0.16964285714285715
user_679,Country,0.16964285714285715
user_753,Rock,0.16964285714285715
user_15,Metal,0.1686746987951807
user_856,Folk,0.1686746987951807
user_196,Jazz,0.16853932584269662
user_33,Electronic,0.16853932584269662
user_383,Country,0.16853932584269662
user_77,Hip-Hop,0.16853932584269662
user_985,Classical,0.16853932584269662
user_158,R&B,0.16842105263157894
user_404,Folk,0.16842105263157894
user_514,Pop,0.16842105263157894
user_726,Classical,0.16842105263157894
user_796,Jazz,0.16842105263157894
user_173,Electronic,0.16831683168316833
user_199,Pop,0.16831683168316833
user_358,R&B,0.16831683168316833
user_385,Folk,0.16831683168316833
user_684,Hip-Hop,0.16831683168316833
user_863,Hip-Hop,0.16831683168316833
user_370,Folk,0.16822429906542055
user_487,Country,0.16822429906542055
user_568,Rock,0.16822429906542055
user_592,Country,0.16822429906542055
user_846,Electronic,0.16822429906542055
user_859,Pop,0.16822429906542055
user_337,Metal,0.168141592920354
user_916,Folk,0.168141592920354
user_688,R&B,0.16806722689075632
user_125,R&B,0.16666666666666666
user_188,Hip-Hop,0.16666666666666666
user_203,Pop,0.16666666666666666
user_210,Rock,0.16666666666666666
user_286,Folk,0.16666666666666666
user_286,Electronic,0.16666666666666666
user_437,Folk,0.16666666666666666
user_47,R&B,0.16666666666666666
user_477,Electronic,0.16666666666666666
user_49,Hip-Hop,0.16666666666666666
user_528,Classical,0.16666666666666666
user_609,Electronic,0.16666666666666666
user_864,Rock,0.16666666666666666
user_881,R&B,0.16666666666666666
user_315,Electronic,0.1651376146788991
user_710,Country,0.1651376146788991
user_2,Rock,0.1650485436893204
user_226,R&B,0.1650485436893204
user_276,Folk,0.1650485436893204
user_279,Folk,0.1650485436893204
user_29,Rock,0.1650485436893204
user_345,Electronic,0.1650485436893204
user_502,Metal,0.1650485436893204
user_624,Rock,0.1650485436893204
user_751,R&B,0.1650485436893204
user_797,Electronic,0.1650485436893204
user_957,Metal,0.1650485436893204
user_160,R&B,0.16494845360824742
user_184,Folk,0.16494845360824742
user_24,Folk,0.16494845360824742
user_323,Electronic,0.16494845360824742
user_339,Classical,0.16494845360824742
user_394,Folk,0.16494845360824742
user_46,Pop,0.16494845360824742
user_489,Jazz,0.16494845360824742
user_921,Electronic,0.16494845360824742
user_464,Country,0.16483516483516483
user_569,Hip-Hop,0.16470588235294117
user_576,Folk,0.16455696202531644
user_450,Classical,0.16379310344827586
user_200,Hip-Hop,0.16363636363636364
user_522,Electronic,0.16363636363636364
user_665,Jazz,0.16363636363636364
user_696,Pop,0.16363636363636364
user_772,Jazz,0.16363636363636364
user_885,Classical,0.16363636363636364
user_138,Metal,0.16346153846153846
user_307,Rock,0.16346153846153846
user_445,Pop,0.16346153846153846
user_486,Jazz,0.16346153846153846
user_604,Folk,0.16346153846153846
user_659,Hip-Hop,0.16346153846153846
user_672,Classical,0.16346153846153846
user_744,Hip-Hop,0.16346153846153846
user_189,Country,0.16326530612244897
user_252,Metal,0.16326530612244897
user_626,Classical,0.16326530612244897
user_875,Folk,0.16326530612244897
user_895,R&B,0.16326530612244897
user_439,Metal,0.16304347826086957
user_542,Electronic,0.16304347826086957
user_542,Rock,0.16304347826086957
user_562,Rock,0.16304347826086957
user_562,Hip-Hop,0.16304347826086957
user_261,Metal,0.16279069767441862
user_415,Metal,0.16279069767441862
user_491,R&B,0.16279069767441862
user_630,Electronic,0.16279069767441862
user_998,Electronic,0.16279069767441862
user_517,Jazz,0.1625
user_759,Pop,0.1623931623931624
user_759,Folk,0.1623931623931624
user_240,Metal,0.16216216216216217
user_675,R&B,0.16216216216216217
user_295,Metal,0.1619047619047619
user_299,Hip-Hop,0.1619047619047619
user_574,Folk,0.1619047619047619
user_62,Folk,0.1619047619047619
user_633,Electronic,0.1619047619047619
user_814,Jazz,0.1619047619047619
user_918,Jazz,0.1619047619047619
user_940,Electronic,0.1619047619047619
user_216,Folk,0.16161616161616163
user_274,Hip-Hop,0.16161616161616163
user_288,R&B,0.16161616161616163
user_322,Electronic,0.16161616161616163
user_40,Rock,0.16161616161616163
user_836,Metal,0.16161616161616163
user_1000,Hip-Hop,0.16129032258064516
user_253,Pop,0.16129032258064516
user_313,Rock,0.16129032258064516
user_422,Hip-Hop,0.16129032258064516
user_734,Metal,0.16129032258064516
user_989,Classical,0.16129032258064516
user_13,Pop,0.16091954022988506
user_455,Electronic,0.16091954022988506
user_244,Folk,0.16071428571428573
user_25,R&B,0.16071428571428573
user_316,Classical,0.16049382716049382
user_953,R&B,0.16049382716049382
user_281,Electronic,0.16037735849056603
user_839,Rock,0.16037735849056603
user_167,Metal,0.16
user_230,Pop,0.16
user_327,Country,0.16
user_76,Folk,0.16
user_790,Pop,0.16
user_795,R&B,0.16
user_893,Folk,0.16
user_523,Country,0.15966386554621848
user_10,Electronic,0.1595744680851064
user_257,Folk,0.1595744680851064
user_351,Electronic,0.1595744680851064
user_456,Metal,0.1595744680851064
user_56,Electronic,0.1595744680851064
user_67,Hip-Hop,0.1595744680851064
user_699,Jazz,0.1595744680851064
user_7,Country,0.1595744680851064
user_931,Electronic,0.1595744680851064
user_559,Folk,0.1592920353982301
user_314,R&B,0.1590909090909091
user_683,Pop,0.1590909090909091
user_926,Pop,0.1590909090909091
user_982,Pop,0.1590909090909091
user_986,Rock,0.1590909090909091
user_48,Folk,0.1588785046728972
user_819,R&B,0.1588785046728972
user_83,Rock,0.15853658536585366
user_229,Folk,0.15841584158415842
user_300,Folk,0.15841584158415842
user_376,Classical,0.15841584158415842
user_431,Folk,0.15841584158415842
user_511,R&B,0.15841584158415842
user_621,Country,0.15841584158415842
user_636,Electronic,0.15841584158415842
user_662,Hip-Hop,0.15841584158415842
user_662,Electronic,0.15841584158415842
user_932,R&B,0.15841584158415842
user_483,Rock,0.15833333333333333
user_681,R&B,0.15833333333333333
user_147,Electronic,0.15789473684210525
user_169,Folk,0.15789473684210525
user_181,Electronic,0.15789473684210525
user_182,Folk,0.15789473684210525
user_207,Electronic,0.15789473684210525
user_207,Pop,0.15789473684210525
user_241,R&B,0.15789473684210525
user_28,Rock,0.15789473684210525
user_324,Electronic,0.15789473684210525
user_389,Electronic,0.15789473684210525
user_389,Classical,0.15789473684210525
user_413,Hip-Hop,0.15789473684210525
user_481,Pop,0.15789473684210525
user_512,Electronic,0.15789473684210525
user_521,Electronic,0.15789473684210525
user_756,Folk,0.15789473684210525
user_756,Jazz,0.15789473684210525
user_766,Folk,0.15789473684210525
user_368,Country,0.1574074074074074
user_459,Rock,0.1574074074074074
user_585,Pop,0.1574074074074074
user_585,Classical,0.1574074074074074
user_667,Hip-Hop,0.1574074074074074
user_928,Rock,0.1574074074074074
user_275,Classical,0.15730337078651685
user_412,Folk,0.15730337078651685
user_466,Jazz,0.15730337078651685
user_552,Pop,0.15730337078651685
user_70,R&B,0.15730337078651685
user_732,Rock,0.15730337078651685
user_768,Rock,0.15730337078651685
user_847,Folk,0.15730337078651685
user_115,Pop,0.15702479338842976
user_757,Metal,0.15702479338842976
user_134,Metal,0.1568627450980392
user_554,Rock,0.1568627450980392
user_689,R&B,0.1568627450980392
user_841,Hip-Hop,0.1568627450980392
user_157,Metal,0.1566265060240964
user_888,Pop,0.1566265060240964
user_598,Classical,0.1565217391304348
user_776,Electronic,0.1565217391304348
user_284,Folk,0.15625
user_284,Rock,0.15625
user_414,Electronic,0.15625
user_700,Hip-Hop,0.15625
user_992,Jazz,0.15625
user_901,Classical,0.1557377049180328
user_939,R&B,0.1557377049180328
user_258,Electronic,0.15555555555555556
user_258,Classical,0.15555555555555556
user_262,Rock,0.15555555555555556
user_349,R&B,0.15555555555555556
user_737,Hip-Hop,0.15555555555555556
user_740,Metal,0.15555555555555556
user_803,Metal,0.15555555555555556
user_803,Rock,0.15555555555555556
user_85,R&B,0.15555555555555556
user_891,Rock,0.15555555555555556
user_894,Folk,0.15555555555555556
user_186,R&B,0.1553398058252427
user_397,Electronic,0.1553398058252427
user_538,Metal,0.1553398058252427
user_550,Rock,0.1553398058252427
user_595,Rock,0.1553398058252427
user_302,Metal,0.15517241379310345
user_344,Country,0.15517241379310345
user_344,R&B,0.15517241379310345
user_352,Folk,0.15517241379310345
user_41,Jazz,0.15463917525773196
user_41,Electronic,0.15463917525773196
user_547,R&B,0.15463917525773196
user_640,Pop,0.15463917525773196
user_831,Metal,0.15463917525773196
user_968,R&B,0.15463917525773196
user_988,Hip-Hop,0.15463917525773196
user_997,Folk,0.15463917525773196
user_118,Rock,0.15454545454545454
user_19,Folk,0.15454545454545454
user_933,Folk,0.15454545454545454
user_106,Country,0.15384615384615385
user_11,Rock,0.15384615384615385
user_114,Hip-Hop,0.15384615384615385
user_123,Metal,0.15384615384615385
user_219,Folk,0.15384615384615385
user_255,R&B,0.15384615384615385
user_391,Classical,0.15384615384615385
user_393,R&B,0.15384615384615385
user_393,Folk,0.15384615384615385
user_42,Electronic,0.15384615384615385
user_444,Electronic,0.15384615384615385
user_465,R&B,0.15384615384615385
user_506,Jazz,0.15384615384615385
user_741,Jazz,0.15384615384615385
user_743,Hip-Hop,0.15384615384615385
user_81,Classical,0.15384615384615385
user_820,R&B,0.15384615384615385
user_977,Rock,0.15384615384615385
user_461,Rock,0.1532258064516129
user_851,Folk,0.1532258064516129
user_245,Rock,0.15315315315315314
user_587,Rock,0.15315315315315314
user_861,Classical,0.15315315315315314
user_192,Rock,0.15306122448979592
user_312,Rock,0.15306122448979592
user_4,Country,0.15306122448979592
user_492,R&B,0.15306122448979592
user_51,Metal,0.15306122448979592
user_571,Metal,0.15306122448979592
user_779,R&B,0.15306122448979592
user_904,Electronic,0.15306122448979592
user_949,R&B,0.15306122448979592
user_338,Hip-Hop,0.15294117647058825
user_910,Pop,0.15294117647058825
user_910,Folk,0.15294117647058825
user_930,Metal,0.15294117647058825
user_96,Metal,0.15294117647058825
user_260,Folk,0.15254237288135594
user_698,Rock,0.15254237288135594
user_709,Hip-Hop,0.15254237288135594
user_709,Country,0.15254237288135594
user_168,Pop,0.1523809523809524
user_183,Hip-Hop,0.1523809523809524
user_395,Hip-Hop,0.1523809523809524
user_534,R&B,0.1523809523809524
user_580,Classical,0.1523809523809524
user_719,Rock,0.1523809523809524
user_943,Pop,0.1523809523809524
user_154,R&B,0.15217391304347827
user_311,Folk,0.15217391304347827
user_500,Electronic,0.15217391304347827
user_500,Country,0.15217391304347827
user_66,Pop,0.15217391304347827
user_739,R&B,0.15217391304347827
user_75,Classical,0.15217391304347827
user_770,R&B,0.15217391304347827
user_770,Jazz,0.15217391304347827
user_782,Jazz,0.15217391304347827
user_800,R&B,0.15217391304347827
user_852,Country,0.15217391304347827
user_951,Jazz,0.15217391304347827
user_121,Country,0.1518987341772152
user_179,Electronic,0.15178571428571427
user_333,Electronic,0.15178571428571427
user_694,Pop,0.15178571428571427
user_720,R&B,0.15178571428571427
user_74,Country,0.15178571428571427
user_937,Country,0.15178571428571427
user_937,Classical,0.15178571428571427
user_956,R&B,0.15178571428571427
user_145,Electronic,0.15151515151515152
user_232,R&B,0.15151515151515152
user_594,Country,0.15151515151515152
user_664,Jazz,0.15151515151515152
user_674,Hip-Hop,0.15151515151515152
user_775,R&B,0.15151515151515152
user_808,R&B,0.15151515151515152
user_842,Folk,0.15151515151515152
user_842,R&B,0.15151515151515152
user_993,Metal,0.15151515151515152
user_223,Folk,0.15126050420168066
user_225,Rock,0.15126050420168066
user_403,Rock,0.1511627906976744
user_497,Rock,0.1511627906976744
user_625,Pop,0.1511627906976744
user_661,Hip-Hop,0.1511627906976744
user_978,Classical,0.1511627906976744
user_990,Metal,0.1511627906976744
user_122,Jazz,0.1509433962264151
user_214,Jazz,0.1509433962264151
user_348,Hip-Hop,0.1509433962264151
user_390,Jazz,0.1509433962264151
user_396,Classical,0.1509433962264151
user_480,Folk,0.1509433962264151
user_495,Metal,0.1509433962264151
user_495,Hip-Hop,0.1509433962264151
user_495,Folk,0.1509433962264151
user_285,Electronic,0.15079365079365079
user_285,Classical,0.15079365079365079
user_139,Metal,0.15053763440860216
user_165,Folk,0.15053763440860216
user_298,Jazz,0.15053763440860216
user_407,Pop,0.15053763440860216
user_641,Pop,0.15053763440860216
user_651,Country,0.15053763440860216
user_876,Jazz,0.15053763440860216
user_929,Pop,0.15053763440860216
user_166,Electronic,0.1504424778761062
user_507,Pop,0.1504424778761062
user_593,Hip-Hop,0.1504424778761062
user_935,Jazz,0.1504424778761062
user_151,Jazz,0.15
user_151,Folk,0.15
user_235,Metal,0.15
user_246,Pop,0.15
user_259,Metal,0.15
user_320,Electronic,0.15
user_320,Pop,0.15
user_36,Electronic,0.15
user_463,Folk,0.15
user_524,Folk,0.15
user_642,Folk,0.15
user_660,Pop,0.15
user_802,Metal,0.15
user_813,Hip-Hop,0.15
user_23,Metal,0.14953271028037382
user_23,R&B,0.14953271028037382
user_30,Rock,0.14953271028037382
user_301,Jazz,0.14953271028037382
user_306,Classical,0.14953271028037382
user_340,Pop,0.14953271028037382
user_529,Folk,0.14953271028037382
user_367,Electronic,0.14942528735632185
user_613,Electronic,0.14942528735632185
user_69,Country,0.14942528735632185
user_708,Hip-Hop,0.14942528735632185
user_922,Pop,0.14942528735632185
user_995,Country,0.14942528735632185
user_111,Jazz,0.14912280701754385
user_162,Metal,0.14912280701754385
user_263,Hip-Hop,0.14912280701754385
user_3,Metal,0.14912280701754385
user_505,Metal,0.14912280701754385
user_590,R&B,0.14912280701754385
user_148,Folk,0.14893617021276595
user_170,R&B,0.14893617021276595
user_331,Classical,0.14893617021276595
user_460,Electronic,0.14893617021276595
user_460,R&B,0.14893617021276595
user_553,Classical,0.14893617021276595
user_583,Rock,0.14893617021276595
user_827,R&B,0.14893617021276595
user_840,Folk,0.14893617021276595
user_95,Hip-Hop,0.14893617021276595
user_971,Pop,0.14893617021276595
user_137,Pop,0.1487603305785124
user_834,Country,0.1487603305785124
user_221,Metal,0.1485148514851485
user_409,Hip-Hop,0.1485148514851485
user_409,Folk,0.1485148514851485
user_478,R&B,0.1485148514851485
user_572,Folk,0.1485148514851485
user_714,Classical,0.1485148514851485
user_105,Hip-Hop,0.14814814814814814
user_425,Jazz,0.14814814814814814
user_525,Folk,0.14814814814814814
user_53,R&B,0.14814814814814814
user_563,Folk,0.14814814814814814
user_676,R&B,0.14814814814814814
user_812,Hip-Hop,0.14814814814814814
user_848,Classical,0.14814814814814814
user_965,Jazz,0.14814814814814814
user_764,Pop,0.14782608695652175
user_909,Electronic,0.14782608695652175
user_143,R&B,0.14772727272727273
user_441,R&B,0.14772727272727273
user_470,R&B,0.14772727272727273
user_515,Country,0.14772727272727273
user_515,R&B,0.14772727272727273
user_620,R&B,0.14772727272727273
user_620,Electronic,0.14772727272727273
user_755,Jazz,0.14772727272727273
user_781,Pop,0.14772727272727273
user_100,Classical,0.14736842105263157
user_172,Rock,0.14736842105263157
user_172,R&B,0.14736842105263157
user_282,Country,0.14736842105263157
user_282,Folk,0.14736842105263157
user_35,R&B,0.14736842105263157
user_361,Pop,0.14736842105263157
user_611,Pop,0.14736842105263157
user_627,R&B,0.14736842105263157
user_713,Country,0.14736842105263157
user_748,Folk,0.14736842105263157
user_748,Jazz,0.14736842105263157
user_911,Electronic,0.14736842105263157
user_934,Folk,0.14736842105263157
user_987,Classical,0.14736842105263157
user_266,Electronic,0.14705882352941177
user_467,R&B,0.14705882352941177
user_510,Country,0.14705882352941177
user_510,Electronic,0.14705882352941177
user_546,Electronic,0.14705882352941177
user_548,Hip-Hop,0.14705882352941177
user_55,Classical,0.14705882352941177
user_555,Folk,0.14705882352941177
user_615,Country,0.14705882352941177
user_682,Classical,0.14705882352941177
user_682,Pop,0.14705882352941177
user_693,Jazz,0.14705882352941177
user_693,Folk,0.14705882352941177
user_936,Electronic,0.14705882352941177
user_999,Classical,0.14705882352941177
user_152,Metal,0.14678899082568808
user_454,R&B,0.14678899082568808
user_535,Jazz,0.14678899082568808
user_537,Classical,0.14678899082568808
user_657,Metal,0.14678899082568808
user_110,Folk,0.14655172413793102
user_146,Jazz,0.14655172413793102
user_198,Metal,0.14634146341463414
user_420,Electronic,0.14634146341463414
user_545,Hip-Hop,0.14634146341463414
user_228,Jazz,0.14606741573033707
user_63,Electronic,0.14606741573033707
user_658,Classical,0.14606741573033707
user_991,R&B,0.14606741573033707
user_191,Pop,0.14583333333333334
user_191,Classical,0.14583333333333334
user_251,Pop,0.14583333333333334
user_251,Electronic,0.14583333333333334
user_291,Country,0.14583333333333334
user_291,Electronic,0.14583333333333334
user_402,Folk,0.14583333333333334
user_541,Pop,0.14583333333333334
user_577,Electronic,0.14583333333333334
user_647,Classical,0.14583333333333334
user_765,Country,0.14583333333333334
user_868,Country,0.14583333333333334
user_871,Folk,0.14583333333333334
user_884,R&B,0.14583333333333334
user_884,Electronic,0.14583333333333334
user_890,Folk,0.14583333333333334
user_127,Electronic,0.14563106796116504
user_178,Jazz,0.14563106796116504
user_178,Country,0.14563106796116504
user_318,R&B,0.14563106796116504
user_406,R&B,0.14563106796116504
user_418,Pop,0.14563106796116504
user_494,R&B,0.14563106796116504
user_52,R&B,0.14563106796116504
user_54,Country,0.14563106796116504
user_619,Pop,0.14563106796116504
user_788,Folk,0.14563106796116504
user_879,Electronic,0.14563106796116504
user_897,Country,0.14563106796116504
user_976,Rock,0.14563106796116504
user_119,Jazz,0.14545454545454545
user_120,Folk,0.14545454545454545
user_294,Classical,0.14545454545454545
user_530,R&B,0.14545454545454545
user_558,Rock,0.14545454545454545
user_584,Folk,0.14545454545454545
user_584,Electronic,0.14545454545454545
user_680,Rock,0.14545454545454545
user_72,Country,0.14545454545454545
user_967,Folk,0.14545454545454545
user_205,Pop,0.1452991452991453
user_205,Rock,0.1452991452991453
user_526,Classical,0.1452991452991453
user_716,Pop,0.1452991452991453
user_91,Pop,0.1452991452991453
user_91,Hip-Hop,0.1452991452991453
user_952,Electronic,0.1452991452991453
user_942,Country,0.14492753623188406
user_304,R&B,0.14473684210526316
user_304,Metal,0.14473684210526316
user_116,Metal,0.14457831325301204
user_116,R&B,0.14457831325301204
user_94,Hip-Hop,0.14457831325301204
user_94,Pop,0.14457831325301204
user_176,Rock,0.14444444444444443
user_277,Folk,0.14444444444444443
user_341,Metal,0.14444444444444443
user_380,Pop,0.14444444444444443
user_440,R&B,0.14444444444444443
user_440,Classical,0.14444444444444443
user_599,Classical,0.14444444444444443
user_64,Jazz,0.14444444444444443
user_267,Hip-Hop,0.14432989690721648
user_267,R&B,0.14432989690721648
user_581,Metal,0.14432989690721648
user_59,Rock,0.14432989690721648
user_236,Rock,0.14423076923076922
user_408,Folk,0.14423076923076922
user_428,Pop,0.14423076923076922
user_632,Metal,0.14423076923076922
user_634,R&B,0.14423076923076922
user_634,Folk,0.14423076923076922
user_635,Hip-Hop,0.14423076923076922
user_752,Pop,0.14423076923076922
user_79,Metal,0.14423076923076922
user_807,Folk,0.14423076923076922
user_878,Folk,0.14423076923076922
user_996,Classical,0.14423076923076922
user_155,Electronic,0.14414414414414414
user_202,R&B,0.14414414414414414
user_202,Pop,0.14414414414414414
user_215,R&B,0.14414414414414414
user_247,Electronic,0.14414414414414414
user_34,Metal,0.14414414414414414
user_342,Rock,0.14414414414414414
user_801,Jazz,0.14414414414414414
user_601,Metal,0.1440677966101695
user_924,Folk,0.1440677966101695
user_133,Pop,0.14285714285714285
user_14,Hip-Hop,0.14285714285714285
user_14,Classical,0.14285714285714285
user_175,Rock,0.14285714285714285
user_22,Classical,0.14285714285714285
user_222,R&B,0.14285714285714285
user_234,Classical,0.14285714285714285
user_265,Metal,0.14285714285714285
user_287,Folk,0.14285714285714285
user_305,Country,0.14285714285714285
user_305,Jazz,0.14285714285714285
user_31,Electronic,0.14285714285714285
user_386,Rock,0.14285714285714285
user_401,Rock,0.14285714285714285
user_474,Rock,0.14285714285714285
user_484,Metal,0.14285714285714285
user_488,Electronic,0.14285714285714285
user_508,Folk,0.14285714285714285
user_6,Electronic,0.14285714285714285
user_608,Folk,0.14285714285714285
user_61,Pop,0.14285714285714285
user_616,Jazz,0.14285714285714285
user_639,Rock,0.14285714285714285
user_687,Rock,0.14285714285714285
user_702,Pop,0.14285714285714285
user_727,Electronic,0.14285714285714285
user_731,R&B,0.14285714285714285
user_774,Folk,0.14285714285714285
user_778,Classical,0.14285714285714285
user_798,Classical,0.14285714285714285
user_798,Metal,0.14285714285714285
user_830,Rock,0.14285714285714285
user_830,Hip-Hop,0.14285714285714285
user_84,Folk,0.14285714285714285
user_873,Country,0.14285714285714285
user_908,Rock,0.14285714285714285
user_919,Folk,0.14285714285714285
user_974,Jazz,0.14285714285714285
user_983,R&B,0.14285714285714285
user_424,R&B,0.14166666666666666
user_618,Folk,0.14166666666666666
user_161,Folk,0.1415929203539823
user_242,Folk,0.1415929203539823
user_242,Electronic,0.1415929203539823
user_711,Pop,0.1415929203539823
user_729,Classical,0.1415929203539823
user_746,Electronic,0.1415929203539823
user_326,R&B,0.14150943396226415
user_332,Hip-Hop,0.14150943396226415
user_346,Rock,0.14150943396226415
user_371,Rock,0.14150943396226415
user_371,Classical,0.14150943396226415
user_436,Rock,0.14150943396226415
user_476,Electronic,0.14150943396226415
user_644,Metal,0.14150943396226415
user_644,R&B,0.14150943396226415
user_644,Country,0.14150943396226415
user_648,Folk,0.14150943396226415
user_65,Metal,0.14150943396226415
user_725,Jazz,0.14150943396226415
user_903,Rock,0.14150943396226415
user_194,Rock,0.1414141414141414
user_206,Electronic,0.1414141414141414
user_220,R&B,0.1414141414141414
user_220,Classical,0.1414141414141414
user_231,Metal,0.1414141414141414
user_329,Electronic,0.1414141414141414
user_631,Pop,0.1414141414141414
user_825,Country,0.1414141414141414
user_994,Folk,0.1414141414141414
user_140,Metal,0.14130434782608695
user_140,Folk,0.14130434782608695
user_140,Jazz,0.14130434782608695
user_435,Classical,0.14130434782608695
user_435,Folk,0.14130434782608695
user_471,Hip-Hop,0.14130434782608695
user_471,R&B,0.14130434782608695
user_653,Hip-Hop,0.14130434782608695
user_747,Pop,0.14130434782608695
user_902,Electronic,0.14130434782608695
user_902,Folk,0.14130434782608695
user_972,R&B,0.14130434782608695
user_826,Country,0.1411764705882353
user_227,R&B,0.14102564102564102
user_149,Metal,0.14049586776859505
user_579,Metal,0.14049586776859505
user_142,Classical,0.14035087719298245
user_844,R&B,0.14035087719298245
user_844,Pop,0.14035087719298245
user_984,Jazz,0.14035087719298245
user_174,Folk,0.14018691588785046
user_197,Hip-Hop,0.14018691588785046
user_527,Metal,0.14018691588785046
user_527,Electronic,0.14018691588785046
user_603,Country,0.14018691588785046
user_73,Folk,0.14018691588785046
user_780,Jazz,0.14018691588785046
user_791,R&B,0.14018691588785046
user_905,Folk,0.14018691588785046
user_213,R&B,0.14
user_224,R&B,0.14
user_499,Rock,0.14
user_670,Classical,0.14
user_701,Pop,0.14
user_715,Classical,0.14
user_862,Pop,0.14
user_163,Pop,0.13978494623655913
user_303,R&B,0.13978494623655913
user_442,Pop,0.13978494623655913
user_602,Folk,0.13978494623655913
user_735,Jazz,0.13978494623655913
user_784,Rock,0.13978494623655913
user_749,Metal,0.13953488372093023
user_913,Classical,0.13953488372093023
user_195,Metal,0.13924050632911392
user_195,Jazz,0.13924050632911392
user_21,Classical,0.1391304347826087
user_961,Hip-Hop,0.1391304347826087
user_961,R&B,0.1391304347826087
user_962,Electronic,0.1391304347826087
user_159,Jazz,0.1388888888888889
user_325,Classical,0.1388888888888889
user_325,R&B,0.1388888888888889
user_448,R&B,0.1388888888888889
user_469,Hip-Hop,0.1388888888888889
user_498,Folk,0.1388888888888889
user_193,Jazz,0.13861386138613863
user_673,Electronic,0.13861386138613863
user_723,Country,0.13861386138613863
user_723,Pop,0.13861386138613863
user_93,Folk,0.13861386138613863
user_1,Electronic,0.13829787234042554
user_1,Jazz,0.13829787234042554
user_1,Metal,0.13829787234042554
user_254,Electronic,0.13829787234042554
user_382,Country,0.13829787234042554
user_828,Folk,0.13829787234042554
user_887,Folk,0.13829787234042554
user_948,R&B,0.13829787234042554
user_204,Rock,0.13793103448275862
user_343,R&B,0.13793103448275862
user_416,Electronic,0.13793103448275862
user_520,Rock,0.13793103448275862
user_617,Pop,0.13793103448275862
user_617,R&B,0.13793103448275862
user_736,Jazz,0.13793103448275862
user_736,Rock,0.13793103448275862
user_721,Rock,0.13761467889908258
user_721,Electronic,0.13761467889908258
user_900,Metal,0.13761467889908258
user_900,Electronic,0.13761467889908258
user_900,R&B,0.13761467889908258
user_177,Pop,0.13725490196078433
user_190,Jazz,0.13725490196078433
user_369,Classical,0.13725490196078433
user_666,Pop,0.13725490196078433
user_666,Metal,0.13725490196078433
user_666,Country,0.13725490196078433
user_833,R&B,0.13725490196078433
user_833,Country,0.13725490196078433
user_880,R&B,0.13725490196078433
user_89,Pop,0.13725490196078433
user_89,Country,0.13725490196078433
user_586,Country,0.13709677419354838
user_268,Metal,0.1368421052631579
user_335,Classical,0.1368421052631579
user_335,Hip-Hop,0.1368421052631579
user_335,Electronic,0.1368421052631579
user_353,Electronic,0.1368421052631579
user_359,Pop,0.1368421052631579
user_360,Metal,0.1368421052631579
user_360,R&B,0.1368421052631579
user_606,R&B,0.1368421052631579
user_837,Electronic,0.1368421052631579
user_892,Country,0.1368421052631579
user_912,Classical,0.1368421052631579
user_501,Electronic,0.13675213675213677
user_501,Rock,0.13675213675213677
user_136,Electronic,0.13636363636363635
user_136,Metal,0.13636363636363635
user_185,Metal,0.13636363636363635
user_239,Folk,0.13636363636363635
user_309,Hip-Hop,0.13636363636363635
user_44,Hip-Hop,0.13636363636363635
user_685,Metal,0.13636363636363635
user_691,Metal,0.13636363636363635
user_874,Electronic,0.13636363636363635
user_882,Country,0.13636363636363635
user_955,R&B,0.13636363636363635
user_533,Folk,0.136
user_533,Rock,0.136
user_446,Metal,0.13592233009708737
user_504,R&B,0.13592233009708737
user_504,Folk,0.13592233009708737
user_578,Folk,0.13592233009708737
user_785,Pop,0.13592233009708737
user_785,Electronic,0.13592233009708737
user_785,R&B,0.13592233009708737
user_789,Electronic,0.13592233009708737
user_815,Electronic,0.13592233009708737
user_823,Pop,0.13592233009708737
user_944,R&B,0.13592233009708737
user_980,R&B,0.13592233009708737
user_278,Metal,0.13559322033898305
user_278,Jazz,0.13559322033898305
user_570,Jazz,0.13559322033898305
user_733,Metal,0.13559322033898305
user_877,Pop,0.13559322033898305
user_883,Folk,0.13559322033898305
user_131,Electronic,0.13541666666666666
user_243,Folk,0.13541666666666666
user_429,Country,0.13541666666666666
user_429,Electronic,0.13541666666666666
user_703,Country,0.13541666666666666
user_703,Pop,0.13541666666666666
user_71,Folk,0.13541666666666666
user_810,Country,0.13541666666666666
user_853,Country,0.13541666666666666
user_853,Hip-Hop,0.13541666666666666
user_638,R&B,0.13513513513513514
user_180,Electronic,0.1348314606741573
user_564,Electronic,0.1348314606741573
user_107,R&B,0.1346153846153846
user_16,Metal,0.1346153846153846
user_17,R&B,0.1346153846153846
user_17,Classical,0.1346153846153846
user_387,Hip-Hop,0.1346153846153846
user_398,R&B,0.1346153846153846
user_398,Hip-Hop,0.1346153846153846
user_479,Metal,0.1346153846153846
user_612,Metal,0.1346153846153846
user_612,Hip-Hop,0.1346153846153846
user_867,R&B,0.1346153846153846
user_946,Folk,0.1346153846153846
user_946,R&B,0.1346153846153846
user_946,Electronic,0.1346153846153846
user_98,Country,0.1346153846153846
user_250,Metal,0.13445378151260504
user_449,Electronic,0.13414634146341464
user_310,Metal,0.13402061855670103
user_336,Metal,0.13402061855670103
user_336,Country,0.13402061855670103
user_646,Folk,0.13402061855670103
user_650,Jazz,0.13402061855670103
user_668,Metal,0.13402061855670103
user_777,R&B,0.13402061855670103
user_805,Jazz,0.13402061855670103
user_82,Jazz,0.13402061855670103
user_832,Pop,0.13402061855670103
user_411,R&B,0.13392857142857142
user_447,Folk,0.13392857142857142
user_482,Electronic,0.13392857142857142
user_482,Classical,0.13392857142857142
user_58,Folk,0.13392857142857142
user_600,R&B,0.13392857142857142
user_600,Folk,0.13392857142857142
user_738,Folk,0.13392857142857142
user_824,R&B,0.13392857142857142
user_87,Hip-Hop,0.13392857142857142
user_87,Folk,0.13392857142857142
user_87,Classical,0.13392857142857142
user_870,Country,0.13392857142857142
user_870,Hip-Hop,0.13392857142857142
user_144,Electronic,0.13333333333333333
user_144,Hip-Hop,0.13333333333333333
user_144,Pop,0.13333333333333333
user_201,Electronic,0.13333333333333333
user_256,Electronic,0.13333333333333333
user_374,Electronic,0.13333333333333333
user_614,Electronic,0.13333333333333333
user_622,Classical,0.13333333333333333
user_622,R&B,0.13333333333333333
user_655,R&B,0.13333333333333333
user_655,Country,0.13333333333333333
user_838,Metal,0.13333333333333333
user_838,Folk,0.13333333333333333
user_838,Electronic,0.13333333333333333
user_99,Electronic,0.13333333333333333
user_357,Electronic,0.1326530612244898
user_357,Folk,0.1326530612244898
user_377,Folk,0.1326530612244898
user_50,R&B,0.1326530612244898
user_556,Electronic,0.1326530612244898
user_628,Classical,0.1326530612244898
user_677,Electronic,0.1326530612244898
user_818,Folk,0.1326530612244898
user_818,Pop,0.1326530612244898
user_818,Country,0.1326530612244898
user_112,Electronic,0.13253012048192772
user_112,R&B,0.13253012048192772
user_816,Classical,0.13253012048192772
user_567,Hip-Hop,0.1320754716981132
user_706,Electronic,0.1320754716981132
user_706,Metal,0.1320754716981132
user_821,Electronic,0.1320754716981132
user_860,Country,0.1320754716981132
user_164,Folk,0.13186813186813187
user_164,R&B,0.13186813186813187
user_375,Rock,0.13186813186813187
user_375,Metal,0.13186813186813187
user_914,Rock,0.13186813186813187
user_947,Country,0.13186813186813187
user_947,Jazz,0.13186813186813187
user_97,Pop,0.13186813186813187
user_109,Country,0.13157894736842105
user_109,Electronic,0.13157894736842105
user_290,Country,0.13157894736842105
user_171,Jazz,0.13131313131313133
user_645,Electronic,0.13131313131313133
user_645,Classical,0.13131313131313133
user_724,Electronic,0.13131313131313133
user_724,Jazz,0.13131313131313133
user_730,Country,0.13114754098360656
user_730,Hip-Hop,0.13114754098360656
user_730,Electronic,0.13114754098360656
user_509,Folk,0.1308411214953271
user_509,Rock,0.1308411214953271
user_898,Electronic,0.1308411214953271
user_898,Jazz,0.1308411214953271
user_108,Electronic,0.13043478260869565
user_451,Rock,0.13043478260869565
user_451,Country,0.13043478260869565
user_451,Metal,0.13043478260869565
user_692,Electronic,0.13043478260869565
user_692,Classical,0.13043478260869565
user_692,R&B,0.13043478260869565
user_945,Pop,0.13043478260869565
user_969,Jazz,0.13043478260869565
user_130,Folk,0.13
user_321,Rock,0.13
user_321,Pop,0.13
user_321,Jazz,0.13
user_321,Classical,0.13
user_629,Classical,0.13
user_629,Pop,0.13
user_629,Rock,0.13
user_750,Classical,0.13
user_792,Country,0.13
user_959,R&B,0.13
user_373,Folk,0.12962962962962962
user_769,Classical,0.12962962962962962
user_769,R&B,0.12962962962962962
user_954,Jazz,0.12962962962962962
user_39,Electronic,0.12941176470588237
user_39,Classical,0.12941176470588237
user_233,Classical,0.12931034482758622
user_57,Rock,0.12931034482758622
user_950,Country,0.12931034482758622
user_141,Folk,0.12903225806451613
user_141,Rock,0.12903225806451613
user_32,Electronic,0.12903225806451613
user_32,Country,0.12903225806451613
user_695,Hip-Hop,0.12903225806451613
user_760,Classical,0.12903225806451613
user_760,R&B,0.12903225806451613
user_855,Folk,0.12903225806451613
user_855,Pop,0.12903225806451613
user_272,Metal,0.12871287128712872
user_272,Folk,0.12871287128712872
user_565,R&B,0.12871287128712872
user_588,R&B,0.12871287128712872
user_663,Jazz,0.12871287128712872
user_773,Jazz,0.12871287128712872
user_80,Pop,0.12871287128712872
user_678,Jazz,0.12844036697247707
user_678,Folk,0.12844036697247707
user_843,Metal,0.12790697674418605
user_37,Rock,0.12745098039215685
user_434,Pop,0.12745098039215685
user_557,Classical,0.12745098039215685
user_280,Jazz,0.12643678160919541
user_280,Folk,0.12643678160919541
user_758,Country,0.12643678160919541
user_758,Folk,0.12643678160919541
user_78,Country,0.12643678160919541
user_78,Folk,0.12643678160919541
user_113,Metal,0.12631578947368421
user_354,Hip-Hop,0.12631578947368421
user_354,Country,0.12631578947368421
user_438,Metal,0.12631578947368421
user_438,R&B,0.12631578947368421
user_817,Jazz,0.12631578947368421
user_817,Folk,0.12631578947368421
user_817,Hip-Hop,0.12631578947368421
user_958,R&B,0.12631578947368421
user_958,Electronic,0.12631578947368421
user_958,Folk,0.12631578947368421
user_283,R&B,0.1262135922330097
user_363,R&B,0.1262135922330097
user_896,Classical,0.1262135922330097
user_896,Electronic,0.1262135922330097
user_443,Rock,0.12612612612612611
user_443,Folk,0.12612612612612611
user_591,R&B,0.12612612612612611
user_591,Classical,0.12612612612612611
user_872,Electronic,0.12612612612612611
user_187,Folk,0.125
user_249,Pop,0.125
user_496,R&B,0.125
user_496,Folk,0.125
user_5,Electronic,0.125
user_652,Folk,0.125
user_652,R&B,0.125
user_652,Classical,0.125
user_712,Folk,0.125
user_712,Electronic,0.125
user_975,Rock,0.125
user_975,Metal,0.125
user_979,Folk,0.125
user_43,Folk,0.12396694214876033
user_43,Pop,0.12396694214876033
user_973,Metal,0.12396694214876033
user_973,Rock,0.12396694214876033
user_742,Electronic,0.12380952380952381
user_793,R&B,0.12380952380952381
user_793,Metal,0.12380952380952381
user_135,R&B,0.12371134020618557
user_328,Rock,0.12371134020618557
user_328,Classical,0.12371134020618557
user_582,Hip-Hop,0.12371134020618557
user_582,Rock,0.12371134020618557
user_582,Country,0.12371134020618557
user_462,Rock,0.12359550561797752
user_544,Hip-Hop,0.12359550561797752
user_544,Metal,0.12359550561797752
user_544,Electronic,0.12359550561797752
user_452,Classical,0.12295081967213115
user_452,Pop,0.12295081967213115
user_899,Rock,0.12295081967213115
user_899,Metal,0.12295081967213115
user_899,Hip-Hop,0.12295081967213115
user_104,Hip-Hop,0.12280701754385964
user_150,Folk,0.12264150943396226
user_150,Metal,0.12264150943396226
user_493,Electronic,0.12264150943396226
user_493,Pop,0.12264150943396226
user_963,Country,0.12244897959183673
user_963,Metal,0.12244897959183673
user_963,Electronic,0.12244897959183673
user_970,Classical,0.12244897959183673
user_970,Folk,0.12244897959183673
user_405,Country,0.12222222222222222
user_405,Rock,0.12222222222222222
user_405,Electronic,0.12222222222222222
user_561,Metal,0.12222222222222222
user_761,R&B,0.12195121951219512
user_761,Pop,0.12195121951219512
user_596,Country,0.12149532710280374
user_596,Pop,0.12149532710280374
user_596,Electronic,0.12149532710280374
user_289,Metal,0.12121212121212122
user_289,Pop,0.12121212121212122
user_400,Jazz,0.12087912087912088
user_400,R&B,0.12087912087912088
user_400,Hip-Hop,0.12087912087912088
user_566,Pop,0.12048192771084337
user_566,Country,0.12048192771084337
user_472,Metal,0.12
user_426,Country,0.11965811965811966
user_426,Jazz,0.11965811965811966
user_850,Classical,0.11956521739130435
user_850,Folk,0.11956521739130435
user_88,Classical,0.11926605504587157
user_88,Hip-Hop,0.11926605504587157
user_857,Electronic,0.11827956989247312
user_857,Pop,0.11827956989247312
user_857,Folk,0.11827956989247312
user_18,Rock,0.11818181818181818
user_296,R&B,0.11764705882352941
user_296,Electronic,0.11764705882352941
user_296,Jazz,0.11764705882352941
user_669,Hip-Hop,0.11764705882352941
user_669,Country,0.11764705882352941
user_669,Jazz,0.11764705882352941
user_669,Pop,0.11764705882352941
user_811,Jazz,0.11627906976744186
user_811,Hip-Hop,0.11627906976744186
user_811,Electronic,0.11627906976744186
user_468,Pop,0.11494252873563218
user_468,Hip-Hop,0.11494252873563218
user_468,R&B,0.11494252873563218
user_468,Rock,0.11494252873563218
user_468,Country,0.11494252873563218
user_925,Pop,0.11494252873563218
user_925,Metal,0.11494252873563218
user_925,Classical,0.11494252873563218
user_925,Country,0.11494252873563218
user_925,Hip-Hop,0.11494252873563218
user_925,Rock,0.11494252873563218
user_917,Pop,0.11320754716981132
user_917,Folk,0.11320754716981132
user_917,Rock,0.11320754716981132
user_917,Metal,0.11320754716981132
user_917,Classical,0.11320754716981132
